id;nome_completo;foto;foto_content_type;data_nascimento;numero_conselho_profissional;cpf;rg;cnh;telefone_1;telefone_2;email;data_admissao;data_desligamento;salario;sexo;estado_civil;escolaridade;funcao;desc_outra_funcao;logradouro_nome;logradouro_numero;logradouro_complemento;bairro;proximidades_logradouro;cep;cidade;estado;data_hora_cadastro;observacao;curriculo;curriculo_content_type
1;streamline;../fake-data/blob/hipster.png;image/png;2020-12-08;Locks Small;"07768969415";black Sausages;Organized Drive;"(469)7702-640";" 873-818";"iD4C;'@2?p4u.D^#?6";2020-12-07;2020-12-07;87489;M;OUTRO;PGC;PROFISSIONAL_SAUDE;payment;Inverse Tasty;proto;Pants enterprise;Refined Throughway complexity;implement;;Bedfordshire digital synthesiz;TO;2020-12-07T11:43:00;transition;../fake-data/blob/hipster.png;image/png
2;vertical;../fake-data/blob/hipster.png;image/png;2020-12-08;Ergonomic Soft Salad;"29644100900";index Berkshire;South Carolina ;"339 66046829";" 7402134";"B@x2M(.S";2020-12-08;2020-12-08;95323;F;SOLTEIRO;DOU;RECEPCAO;Home Loan Account;Intelligent Frozen Ball Home Loan Account Handcrafted;Sport;content;cyan;navigating Fantastic;;ADP;PA;2020-12-07T21:23:11;multi-byte mobile Technician;../fake-data/blob/hipster.png;image/png
3;interfaces real-time;../fake-data/blob/hipster.png;image/png;2020-12-07;Representative Divis;"41351563314";Chips Ohio tran;monitor;" 2923471";" 2825459";"zuJi.<@Bqr9.qH)35e";2020-12-07;2020-12-07;29612;F;UNIAO_ESTAVEL;ESC;ADMIN;connecting;Massachusetts cross-platform Manor;orang;Officer;Vermont protocol;hybrid;;gold Visionary Lesotho;SP;2020-12-07T11:30:58;pixel;../fake-data/blob/hipster.png;image/png
4;Buckinghamshire withdrawal GB;../fake-data/blob/hipster.png;image/png;2020-12-07;pink;"98342935500";bypass;invoice;"528933";"49 07851918";"6a4@/!N.&M0";2020-12-07;2020-12-07;834;M;SOLTEIRO;ESC;ADMIN;Holy See (Vatican City State) Steel;initiative;Forge;Investment Account;Avon;navigating New Hampshire Ethiopia;;Tasty Frozen Salad Money Marke;RR;2020-12-07T08:45:05;connecting Triple-buffered;../fake-data/blob/hipster.png;image/png
5;copy;../fake-data/blob/hipster.png;image/png;2020-12-07;transition;"48944611563";Ergonomic AGP w;redundant Licen;"5833-328";"9040009";"%k\'@U.>{";2020-12-08;2020-12-08;21430;F;CASADO;EFI;ADMIN;primary logistical Games;Granite;input;International;parse knowledge base B2C;TCP;;invoice Metrics compressing;PR;2020-12-08T02:28:52;system Isle of Man disintermediate;../fake-data/blob/hipster.png;image/png
6;magenta calculating;../fake-data/blob/hipster.png;image/png;2020-12-07;Auto Loan Account;"32999019862";Hat Configurati;Bypass Philippi;" 6807757";"97164999";"43Enr@xEV./";2020-12-07;2020-12-07;17048;F;CASADO;EFC;ADMIN;index Identity Dynamic;Money Market Account;Re-en;Credit Card Account invoice parse;Pula Ecuador;bus;;Manager communities;RO;2020-12-07T14:27:25;quantifying Communications Steel;../fake-data/blob/hipster.png;image/png
7;system Rial Omani Proactive;../fake-data/blob/hipster.png;image/png;2020-12-08;alarm compelling;"93373343008";Checking Accoun;open-source;"(807) 023-9048;"134-8511";"A8Tj&]@U.89Gg";2020-12-07;2020-12-07;97558;M;SOLTEIRO;EFI;RECEPCAO;array;GB SQL;Jewel;Chief;override withdrawal;system;;Applications Circle calculate;AP;2020-12-08T02:01:31;bandwidth;../fake-data/blob/hipster.png;image/png
8;whiteboard quantifying;../fake-data/blob/hipster.png;image/png;2020-12-07;indexing;"84972202456";Regional enable;deposit;" 8622747";"(696) 821631";"Xuf<V@1a;h.'";2020-12-07;2020-12-07;36294;F;CASADO;DOU;PROFISSIONAL_SAUDE;deposit Savings Account;transition synthesize Unbranded;Virgi;Direct Handcrafted open-source;utilisation solutions;Chief out-of-the-box;;process improvement New Hampsh;AP;2020-12-07T16:59:45;override Kwanza;../fake-data/blob/hipster.png;image/png
9;Moldova Auto Loan Account;../fake-data/blob/hipster.png;image/png;2020-12-07;matrix Jewelery;"87700271899";benchmark Visio;fuchsia Outdoor;" 676-6312";"363-107";"aQ{?Z@pI!G.(";2020-12-07;2020-12-07;2127;M;DIVORCIADO;ESI;OUTRO;Incredible Wooden Chicken synthesize Leb;forecast navigate;Cambr;New Jersey Jamaican Dollar Fantastic Wooden Keyboa;Multi-lateral;digital New Jersey Agent;;orchestrate Taiwan functionali;DF;2020-12-07T21:11:12;auxiliary;../fake-data/blob/hipster.png;image/png
10;Dynamic withdrawal Generic Granite Fish;../fake-data/blob/hipster.png;image/png;2020-12-07;archive;"42651274492";optimize Config;Sleek Investmen;" 183-982";"7362408-848";"RS@hZ6x.J0a]T";2020-12-07;2020-12-07;59359;F;SEPARADO;PGC;PROFISSIONAL_SAUDE;Bahamas;back-end Health;depos;Chair;Industrial Operations extend;Usability feed Outdoors;;streamline;MT;2020-12-08T01:19:15;web-readiness;../fake-data/blob/hipster.png;image/png
